obs_date,unavailability_rate_pct,precipitation_mm,wind_speed_max_kmh,temp_max_c
2026-06-24,88.8936,0.0,13.5,31.2
2026-06-25,80.5217,0.0,17.4,32.1
2026-06-26,77.7599,0.0,15.6,31.8
2026-06-27,76.5631,0.0,15.3,31.5
2026-06-28,68.9912,0.0,14.2,31.5
2026-06-29,66.3751,1.4,15.0,32.6
2026-06-30,64.0353,0.4,17.9,32.5
2026-07-01,64.6107,0.0,18.2,28.8
2026-07-02,68.9381,0.0,18.2,30.3
2026-07-03,76.7169,0.0,21.6,30.4
2026-07-04,76.3988,0.0,20.2,31.6
2026-07-05,70.2129,0.0,21.3,32.9
2026-07-06,66.182,0.0,19.4,32.4
2026-07-07,65.7017,0.0,13.8,31.9
2026-07-08,65.825,0.0,15.9,36.3
2026-07-09,67.3244,0.0,15.6,34.6
2026-07-10,69.3756,0.0,15.1,32.2
2026-07-11,68.7654,0.0,17.5,29.8
2026-07-12,63.2676,0.0,17.0,30.1
2026-07-13,62.2225,0.0,17.0,29.8
2026-07-14,60.7815,0.0,13.4,29.8
2026-07-15,61.0412,0.0,25.4,34.6
2026-07-16,61.7811,0.0,15.4,31.0
2026-07-17,63.4883,0.0,18.4,32.3
2026-07-18,63.7349,0.0,14.7,31.8
2026-07-19,58.7433,0.0,16.4,32.9
2026-07-20,57.7762,0.0,15.2,31.9
2026-07-21,57.5425,0.1,14.0,31.6
2026-07-22,57.4322,0.0,14.1,30.7
2026-07-23,59.003,0.0,12.9,31.0
2026-07-24,59.6391,0.0,14.3,31.5
2026-07-25,59.1653,2.5,17.8,29.7
2026-07-26,55.0175,0.5,20.1,28.7
2026-07-27,53.7972,0.0,14.9,29.6
2026-07-28,52.2589,0.0,19.9,31.3
2026-07-29,51.6552,0.0,19.1,32.4
2026-07-30,51.6227,0.0,20.0,32.0
2026-07-31,51.1878,0.0,17.6,31.3
2026-08-01,52.1355,0.0,15.8,29.8
2026-08-02,50.0065,0.0,14.5,31.5
2026-08-03,51.428,0.0,15.2,30.6
2026-08-04,51.1943,0.3,13.5,30.5
2026-08-05,50.6556,0.0,17.6,33.3
2026-08-06,50.9217,3.7,10.8,30.9
2026-08-07,51.2722,0.2,16.0,32.0
2026-08-08,51.4345,0.0,15.3,33.0
2026-08-09,48.2734,0.0,13.6,33.9
2026-08-10,47.1764,0.0,14.3,31.9
2026-08-11,45.2032,0.0,14.1,31.7
2026-08-12,44.4113,0.0,13.0,33.0
2026-08-13,46.008,0.0,15.5,34.0
2026-08-14,46.6377,0.0,15.0,35.7
2026-08-15,46.2158,0.1,15.5,33.1
2026-08-16,43.7102,1.1,18.2,32.8
2026-08-17,43.7946,0.2,17.0,31.2
2026-08-18,43.6453,1.2,19.6,31.2
2026-08-19,43.4246,0.0,15.4,32.8
2026-08-20,44.2879,1.2,14.0,31.9
2026-08-21,44.0153,5.0,18.3,27.5
2026-08-22,43.152,0.7,12.3,28.2
2026-08-23,40.2895,0.1,14.9,29.5
2026-08-24,39.4911,2.7,18.5,30.6
2026-08-25,38.9134,0.0,21.2,32.5
2026-08-26,38.5889,0.5,12.9,30.1
2026-08-27,38.6408,0.0,20.1,31.3
2026-08-28,38.9134,0.0,17.1,31.9
2026-08-29,38.7187,0.0,19.0,28.8
2026-08-30,36.4339,0.0,17.6,30.5
2026-08-31,35.986,0.0,15.5,29.8
2026-09-01,38.7252,0.0,16.6,29.0
2026-09-02,38.9394,0.0,14.0,30.2
2026-09-03,40.5491,0.0,17.0,30.9
2026-09-04,43.879,0.0,17.0,33.0
2026-09-05,44.8721,0.0,11.9,32.4
2026-09-06,41.4838,0.0,12.1,31.5
2026-09-07,40.6854,0.0,11.2,31.1
2026-09-08,39.4197,0.0,19.7,32.5
2026-09-09,38.8485,12.5,14.2,27.4
2026-09-10,40.0818,0.0,15.9,25.4
2026-09-11,43.2429,0.0,15.7,27.0
2026-09-12,43.0222,1.4,14.6,27.6
2026-09-13,37.2582,0.0,15.5,29.1
2026-09-14,36.0119,0.0,16.5,32.4
2026-09-15,35.3758,0.0,16.2,32.3
2026-09-16,36.1547,14.4,16.1,26.6
2026-09-17,37.6931,7.9,14.8,23.0
2026-09-18,39.6729,1.8,16.3,23.8
2026-09-19,39.4392,0.9,15.0,24.7
2026-09-20,36.4144,0.0,9.9,26.2
2026-09-21,35.5186,0.0,12.8,29.8
2026-09-22,35.4992,0.0,12.0,27.3
2026-09-23,38.0047,0.0,12.4,28.0
2026-09-24,39.7313,0.0,16.6,28.8
